GAME,RATIO,GAMERS,COMP %,TIME,RATING,ADDED,True_Achievement,Game_Score
Mass Effect Legendary Edition,1.87,"84,143",4.1,100-120 hours,4.8,06 Jan 22,5442,2915
The Elder Scrolls V: Skyrim Special Edition,1.97,"213,257",8.0,80-100 hours,4.7,15 Dec 20,3055,1550
Mass Effect 2,1.34,"221,178",9.6,50-60 hours,4.7,09 Nov 20,1819,1355
Stardew Valley,3.04,"51,530",1.0,150-200 hours,4.7,02 Dec 21,3036,1000
It Takes Two,1.68,"71,981",15.6,12-15 hours,4.7,03 Nov 21,1678,1000
Hades,2.4,"83,710",6.1,60-80 hours,4.6,18 Jun 21,2404,1000
Resident Evil 7: Biohazard Grotesque Ver.,1.58,777,9.8,15-20 hours,4.6,17 Sep 20,2560,1620
Yakuza: Like a Dragon,2.13,"39,229",3.8,80-100 hours,4.6,13 Jun 21,2130,1000
Forza Horizon 4,2.91,"379,536",0.9,60-80 hours,4.6,18 Dec 19,10516,3610
HITMAN 3,2.73,"63,570",1.9,25-30 hours,4.6,13 Mar 22,4202,1540
Ori and the Will of the Wisps,3.25,"105,933",1.3,20-25 hours,4.6,06 Mar 20,3250,1000
Forza Horizon 5,2.5,"301,931",1.6,80-100 hours,4.5,05 Nov 21,2497,1000
Psychonauts 2,1.94,"98,026",10.3,25-30 hours,4.5,25 Aug 21,1942,1000
Mass Effect 3,1.52,"197,006",5.8,50-60 hours,4.5,09 Nov 20,2357,1550
Final Fantasy X/X-2 HD Remaster,4.46,"25,727",1.2,150-200 hours,4.5,12 May 21,4458,1000
Halo: The Master Chief Collection,3.44,"455,839",0.4,300-500 hours,4.5,20 Oct 20,24046,7000
Fallout 4,1.78,"365,955",3.6,80-100 hours,4.5,12 Mar 21,2856,1600
Fallout 3,1.58,"358,627",9.9,60-80 hours,4.5,13 Jun 21,2447,1550
Ori and the Blind Forest: Definitive Edition,3.11,"155,957",0.7,20-25 hours,4.5,21 Oct 20,3893,1250
Dead Space 2,1.7,"150,214",4.5,20-25 hours,4.5,09 Nov 20,2122,1250
Batman: Arkham Knight,2.23,"254,473",1.1,40-50 hours,4.5,16 Dec 19,4454,2000
DRAGON QUEST XI S: Echoes of an Elusive Age - Definitive Edition,3.11,"52,220",4.6,100-120 hours,4.5,05 Dec 20,3105,1000
Death's Door,1.62,"17,756",13.2,15-20 hours,4.5,20 Jan 22,1625,1000
Hollow Knight: Voidheart Edition,4.21,"52,927",1.0,60-80 hours,4.5,09 Jun 19,4212,1000
Yakuza 6: The Song of Life,2.01,"8,621",7.1,50-60 hours,4.4,25 Mar 21,2015,1000
Frostpunk: Console Edition,6.05,"10,578",0.2,150-200 hours,4.4,09 Jan 20,8416,1390
Gears of War 3,2.69,"388,495",0.7,1000+ hours,4.4,16 Dec 19,5374,2000
Dead Space (Xbox 360),1.74,"240,537",10.5,20-25 hours,4.4,09 Nov 20,1737,1000
Dragon Age: Inquisition,2.28,"200,501",1.2,80-100 hours,4.4,09 Nov 20,3577,1570
A Plague Tale: Innocence,1.81,"102,572",15.0,15-20 hours,4.4,23 Jan 20,1812,1000
Mass Effect,1.83,"273,105",6.4,60-80 hours,4.4,16 Dec 19,2196,1200
Resident Evil 7: Biohazard,2.77,"183,990",1.0,20-25 hours,4.4,21 Oct 20,4491,1620
DOOM Eternal,2.51,"136,574",0.8,25-30 hours,4.4,01 Oct 20,3879,1545
DOOM,2.99,"218,613",1.3,20-25 hours,4.4,13 Jun 21,4730,1580
Mortal Kombat 11,2.09,"94,070",3.6,40-50 hours,4.4,15 Dec 21,2087,1000
Marvel's Guardians of the Galaxy,1.65,"100,648",4.9,20-25 hours,4.4,10 Mar 22,1651,1000
Fallout: New Vegas,1.83,"256,198",5.9,60-80 hours,4.4,16 Dec 19,3023,1655
Microsoft Flight Simulator,12.32,"91,677",0.0,1000+ hours,4.4,04 Dec 21,12323,1000
The Elder Scrolls IV: Oblivion,1.47,"256,417",18.4,60-80 hours,4.4,12 Mar 21,1831,1250
Gears of War: Ultimate Edition,2.55,"230,079",1.2,150-200 hours,4.4,16 Dec 19,3188,1250
Spiritfarer: Farewell Edition,2.07,"27,767",6.4,25-30 hours,4.4,18 Aug 20,2074,1000
Titanfall 2,1.83,"270,736",4.6,15-20 hours,4.3,09 Nov 20,1830,1000
The Walking Dead,1.33,"208,528",34.9,12-15 hours,4.3,16 Dec 19,1332,1000
Star Wars Jedi: Fallen Order,1.94,"265,357",10.2,25-30 hours,4.3,10 Nov 20,1940,1000
Dishonored Definitive Edition,3.46,"68,140",0.7,60-80 hours,4.3,12 Mar 21,5680,1640
DOOM (1993),3.1,"43,211",0.8,10-12 hours,4.3,12 Mar 21,3103,1000
Stellaris: Console Edition,3.74,"11,695",0.0,,4.3,16 Dec 19,11581,3100
Pillars Of Eternity II: Deadfire,2.53,"3,728",2.7,60-80 hours,4.3,18 Feb 21,2533,1000
Halo Infinite,2.48,"372,829",0.3,100-120 hours,4.3,18 Nov 21,3960,1600
Gears of War 2,1.92,"403,253",2.8,80-100 hours,4.3,16 Dec 19,3359,1750
Dishonored 2,2.82,"119,147",3.4,40-50 hours,4.3,16 Dec 19,2815,1000
Minecraft,2.44,"362,210",1.8,30-35 hours,4.3,16 Dec 19,6740,2760
Slay The Spire,4.94,"43,335",0.9,150-200 hours,4.3,16 Dec 19,5287,1070
DOOM II (Classic),3.47,"21,659",0.5,12-15 hours,4.3,12 Mar 21,3468,1000
The Evil Within 2,2.03,"46,926",4.2,25-30 hours,4.3,13 Jun 21,2030,1000
Sunset Overdrive,2.84,"331,579",1.4,40-50 hours,4.3,16 Dec 19,5466,1925
Wolfenstein: The New Order,1.81,"205,429",10.7,20-25 hours,4.3,12 Mar 21,1812,1000
SnowRunner,4.14,"51,272",1.5,150-200 hours,4.3,17 May 21,4144,1000
The Outer Worlds,2.78,"236,334",0.6,35-40 hours,4.3,16 Dec 19,3868,1390
Dragon Age: Origins,1.73,"165,220",4.7,60-80 hours,4.3,09 Nov 20,3020,1750
F1 2020,2.27,"38,969",2.8,20-25 hours,4.3,10 Aug 21,2267,1000
The Walking Dead: Season Two,1.1,"121,420",75.5,8-10 hours,4.3,16 Dec 19,1100,1000
Life is Strange: True Colors,1.38,"20,455",35.0,10-12 hours,4.3,12 Apr 22,1380,1000
Nobody Saves the World,2.33,"36,373",5.0,25-30 hours,4.2,07 Jan 22,2330,1000
Middle-earth: Shadow of War,1.95,"125,748",1.9,60-80 hours,4.2,18 Dec 19,2926,1500
Dead Cells,8.36,"86,081",0.1,25-30 hours,4.2,16 Dec 19,16969,2030
Battlefield 1,2.89,"343,701",1.2,40-50 hours,4.2,09 Nov 20,5789,2000
A Way Out,1.59,"114,217",26.1,6-8 hours,4.2,09 Nov 20,1590,1000
Banjo-Kazooie,1.8,"111,867",17.1,12-15 hours,4.2,28 Apr 20,361,200
Injustice 2,3.3,"162,858",0.5,80-100 hours,4.2,07 Jan 21,3943,1195
Children of Morta,2.38,"39,381",6.3,20-25 hours,4.2,16 Jan 20,2377,1000
Alien: Isolation,3.3,"146,436",2.0,40-50 hours,4.2,16 Dec 19,3300,1000
Battlefield: Bad Company 2,1.87,"274,462",2.4,40-50 hours,4.2,09 Nov 20,2677,1430
Gears of War 4,5.09,"308,897",0.5,200-300 hours,4.2,16 Dec 19,20366,4000
Overcooked! 2,2.48,"124,372",2.0,8-10 hours,4.2,16 Dec 19,7436,3000
Tunic,3.07,"64,288",4.4,15-20 hours,4.2,16 Mar 22,3067,1000
Halo Wars: Definitive Edition,3.12,"75,646",3.7,25-30 hours,4.2,21 Oct 20,4687,1500
Dishonored: Death of the Outsider,1.89,"24,017",13.0,15-20 hours,4.2,13 Jun 21,1890,1000
Outer Wilds,3.11,"34,648",1.0,20-25 hours,4.2,06 Jan 22,5810,1870
Plants vs. Zombies Garden Warfare,2.4,"153,757",2.4,40-50 hours,4.2,09 Nov 20,3604,1500
Darkest Dungeon,5.37,"27,639",0.2,150-200 hours,4.2,10 Jun 21,7002,1305
Yakuza 5 Remastered,2.95,"8,210",2.7,150-200 hours,4.2,28 Jan 21,2951,1000
Quantum Break,1.53,"196,340",12.8,15-20 hours,4.2,16 Dec 19,1529,1000
Battlefield 3,2.11,"314,544",1.8,40-50 hours,4.2,09 Nov 20,3369,1600
Rare Replay,6.55,"181,648",0.2,200-300 hours,4.2,18 Dec 19,26183,4000
Wolfenstein II: The New Colossus,4.27,"146,594",0.1,80-100 hours,4.1,13 Jun 21,6569,1540
Hellblade: Senua's Sacrifice,1.6,"160,224",14.1,6-8 hours,4.1,16 Dec 19,1599,1000
Monster Train,3.41,"22,101",2.1,20-25 hours,4.1,17 Dec 20,3409,1000
Octopath Traveler,6.58,"41,501",0.5,100-120 hours,4.1,25 Mar 21,6580,1000
MLB The Show 22,2.08,"31,666",1.8,8-10 hours,4.1,13 Apr 22,2082,1000
Dead by Daylight,3.95,"96,087",0.2,200-300 hours,4.1,16 Dec 19,14070,3560
Elite: Dangerous,6.95,"66,416",0.0,,4.1,24 Feb 21,26466,3810
Prey,3.41,"105,857",0.7,50-60 hours,4.1,12 Mar 21,4072,1195
Tom Clancy's Rainbow Six Siege,1.51,"303,925",10.4,80-100 hours,4.1,20 Mar 22,1506,1000
Gears of War,2.68,"412,763",1.8,150-200 hours,4.1,16 Dec 19,3349,1250
The Evil Within,2.66,"67,630",1.8,60-80 hours,4.1,12 Mar 21,4610,1735
DiRT Rally 2.0,3.51,"21,936",0.2,60-80 hours,4.1,10 Aug 21,5571,1585
Fable Anniversary,1.99,"116,773",5.6,20-25 hours,4.1,16 Dec 19,1991,1000
Yakuza 4 Remastered,2.59,"6,407",5.2,60-80 hours,4.1,28 Jan 21,2585,1000
AI: The Somnium Files,2.21,"8,940",13.1,20-25 hours,4.1,30 Sep 21,2208,1000
Fable Anniversary,1.99,"116,564",5.6,20-25 hours,4.1,16 Dec 19,1989,1000
DiRT Rally 2.0,3.52,"21,866",0.2,60-80 hours,4.1,10 Aug 21,5572,1585
Banjo-Tooie,1.62,"47,173",18.9,15-20 hours,4.1,28 Apr 20,323,200
Wolfenstein: The Old Blood,2.03,"88,436",6.3,15-20 hours,4.1,12 Mar 21,2033,1000
F1 2021,2.78,"31,404",1.0,80-100 hours,4.1,24 Mar 22,2782,1000
Tropico 6,3.34,"11,784",1.8,50-60 hours,4.1,08 Jul 21,3341,1000
Tetris Effect: Connected,6.63,"98,944",0.1,80-100 hours,4.1,10 Nov 20,6631,1000
What Remains of Edith Finch,1.15,"88,929",62.9,2-3 hours,4.1,16 Dec 19,1147,1000
Final Fantasy XIII-2,1.75,"49,173",17.2,60-80 hours,4.1,02 Dec 21,1754,1000
Gears 5,7.46,"302,711",0.1,1000+ hours,4.1,07 Jan 22,18645,2500
Halo 5: Guardians,2.47,"383,062",2.5,40-50 hours,4.1,16 Dec 19,3082,1250
Sniper Elite 4,3.61,"107,142",0.6,40-50 hours,4.1,16 Dec 19,6687,1850
Gears Tactics,8.4,"96,703",0.3,80-100 hours,4.1,09 Nov 20,11756,1400
Streets of Rage 4,4.12,"115,032",0.5,40-50 hours,4.1,30 Apr 20,4928,1195
Plants vs. Zombies,2.02,"182,378",7.1,15-20 hours,4.1,09 Nov 20,404,200
The Riftbreaker,2.75,"6,910",4.0,30-35 hours,4.1,03 Sep 21,2750,1000
Dragon Quest Builders 2,3.43,"29,288",3.3,80-100 hours,4.1,04 May 21,3429,1000
Battlefield 4,2.36,"283,584",1.1,20-25 hours,4.1,09 Nov 20,3780,1600
The Forgotten City,1.85,"24,841",8.6,8-10 hours,4.1,28 Oct 21,1846,1000
Bug Fables: The Everlasting Sapling,2.7,"4,461",7.6,40-50 hours,4.1,01 Jul 21,2699,1000
LIMBO,2.12,"128,274",2.8,6-8 hours,4.1,01 Jul 21,2119,1000
Deep Rock Galactic,5.1,"68,659",0.1,300-500 hours,4.1,04 Nov 20,5104,1000
Forager,2.05,"26,163",10.6,40-50 hours,4.0,09 Jul 20,2053,1000
No Man's Sky,2.91,"128,028",1.3,50-60 hours,4.0,11 Jun 20,2909,1000
Scarlet Nexus,3.06,"38,809",4.5,60-80 hours,4.0,30 Sep 21,3061,1000
Plants vs. Zombies Garden Warfare 2,2.9,"168,026",1.0,40-50 hours,4.0,09 Nov 20,3624,1250
Fable II,1.55,"302,160",5.8,25-30 hours,4.0,16 Dec 19,2092,1350
Burnout Paradise Remastered,5.7,"102,795",0.4,60-80 hours,4.0,09 Nov 20,5699,1000
Wasteland 2: Director's Cut,2.79,"9,112",3.7,80-100 hours,4.0,16 Dec 19,2793,1000
The Walking Dead: A New Frontier,1.06,"83,897",74.0,1-2 hours,4.0,18 Dec 19,1062,1000
Turnip Boy Commits Tax Evasion,2.04,"11,858",2.1,2-3 hours,4.0,19 Apr 22,2037,1000
Dragon Ball FighterZ,3.56,"101,973",0.4,80-100 hours,4.0,21 Oct 21,3564,1000
Jurassic World Evolution,4.79,"132,004",0.2,40-50 hours,4.0,11 Feb 21,8577,1790
Dead Space 3,2.3,"124,511",2.5,50-60 hours,4.0,09 Nov 20,2875,1250
Infernax,1.93,"4,598",10.4,15-20 hours,4.0,14 Feb 22,1935,1000
Firewatch,1.22,"58,987",42.0,4-5 hours,4.0,15 Dec 21,1221,1000
State of Decay: Year-One,2.66,"142,174",1.2,60-80 hours,4.0,16 Dec 19,3984,1500
DOOM 3,3.19,"10,951",3.0,25-30 hours,4.0,12 Mar 21,3190,1000
Battlefield 1943,1.26,"92,715",29.0,20-25 hours,4.0,09 Nov 20,252,200
Unravel,2.89,"120,048",4.6,12-15 hours,4.0,09 Nov 20,2890,1000
Zombie Army 4: Dead War,3.03,"77,476",0.0,30-35 hours,4.0,06 Apr 21,3664,1210
Lightning Returns: Final Fantasy XIII,1.92,"22,085",12.6,40-50 hours,4.0,13 Mar 22,1916,1000
Enter the Gungeon,5.04,"75,269",1.0,80-100 hours,4.0,16 Dec 19,6295,1250
Football Manager 2022 Xbox Edition,4.07,"9,424",0.9,200-300 hours,4.0,29 Oct 21,4067,1000
Quake,4.95,"49,226",2.2,2-3 hours,4.0,19 Aug 21,4948,1000
Wasteland 3,4.94,"47,074",0.1,120-150 hours,4.0,28 Aug 20,7365,1490
Skate 3,2.97,"204,395",0.6,25-30 hours,4.0,09 Nov 20,4459,1500
Outlast 2,5.07,"35,332",0.8,35-40 hours,4.0,06 May 21,5071,1000
Archvale,1.97,"16,742",15.6,6-8 hours,4.0,02 Dec 21,1965,1000
Ryse: Son of Rome,2.33,"321,034",1.8,40-50 hours,4.0,06 Sep 21,4665,2000
New Super Lucky's Tale,2.08,"72,184",7.8,10-12 hours,4.0,21 Aug 20,2078,1000
Carrion,2.03,"90,957",15.1,6-8 hours,3.9,23 Jul 20,2027,1000
Remnant: From the Ashes,2.48,"99,649",0.6,50-60 hours,3.9,16 Dec 19,3724,1500
Terraria,3.52,"132,799",0.4,80-100 hours,3.9,19 Jun 19,3910,1110
Dragon Age II,1.7,"109,375",4.8,60-80 hours,3.9,09 Nov 20,2335,1370
Lost In Random,3.12,"14,094",1.8,15-20 hours,3.9,13 Apr 22,3121,1000
Peggle 2,2.23,"154,283",3.6,15-20 hours,3.9,09 Nov 20,3237,1450
Superliminal,3.6,"41,853",2.6,8-10 hours,3.9,16 Sep 21,4320,1200
Crysis,1.54,"52,625",17.1,15-20 hours,3.9,09 Nov 20,1541,1000
The Wild at Heart,2.52,"15,755",9.6,15-20 hours,3.9,27 Mar 21,2523,1000
Farming Simulator 19,2.32,"19,824",5.3,60-80 hours,3.9,15 Jul 21,2317,1000
Pillars of Eternity,2.94,"6,040",1.2,80-100 hours,3.9,19 Dec 19,2944,1000
Monster Sanctuary,3.81,"24,224",3.3,40-50 hours,3.9,01 Dec 20,3807,1000
Danganronpa: Trigger Happy Havoc Anniversary Edition,3.58,"7,028",4.5,20-25 hours,3.9,18 Jan 22,3581,1000
Alice: Madness Returns,2.23,"84,831",6.6,20-25 hours,3.9,09 Nov 20,2232,1000
Maneater,2.01,"143,977",2.4,10-12 hours,3.9,25 May 21,2709,1350
Wreckfest,3.0,"102,053",2.9,20-25 hours,3.9,18 Feb 21,3002,1000
Plants vs. Zombies: Battle for Neighborville,2.6,"50,246",1.9,150-200 hours,3.9,09 Nov 20,2599,1000
Project Wingman,4.03,"9,772",0.9,30-35 hours,3.9,03 Dec 21,4033,1000
Unravel Two,11.13,"59,006",0.4,25-30 hours,3.9,09 Nov 20,11128,1000
Minecraft Dungeons,6.91,"236,552",0.0,15-20 hours,3.9,04 Dec 21,19015,2750
State of Decay 2: Juggernaut Edition,4.65,"276,487",0.2,60-80 hours,3.9,16 Dec 19,11166,2400
The Long Dark,9.3,"51,494",0.1,100-120 hours,3.9,21 Oct 20,11300,1215
Grim Fandango Remastered,1.86,"22,109",18.2,8-10 hours,3.9,29 Oct 20,1860,1000
Two Point Hospital,6.04,"69,530",0.2,100-120 hours,3.9,25 Feb 20,9177,1520
ONE PIECE: PIRATE WARRIORS 4,2.36,"29,588",8.1,25-30 hours,3.9,09 Dec 21,2363,1000
Taiko no Tatsujin: The Drum Master!,5.47,"43,721",1.1,50-60 hours,3.9,27 Jan 22,5471,1000
SUPERHOT: MIND CONTROL DELETE,2.16,"67,235",5.6,10-12 hours,3.9,01 Dec 20,2162,1000
Mass Effect: Andromeda,2.2,"179,302",2.6,80-100 hours,3.9,09 Nov 20,2205,1000
Slime Rancher,2.38,"144,265",3.2,25-30 hours,3.9,01 Dec 20,2377,1000
The Elder Scrolls Online,5.01,"204,295",0.0,1000+ hours,3.9,18 Oct 20,27463,5480
GreedFall,3.52,"37,265",0.5,60-80 hours,3.9,01 Dec 20,3876,1100
Cities: Skylines,4.67,"108,817",0.1,150-200 hours,3.8,21 Oct 20,11208,2400
Grounded,3.44,"61,345",1.1,1-2 hours,3.8,30 Jun 21,4813,1400
Battlefield: Bad Company,2.41,"161,849",0.6,150-200 hours,3.8,09 Nov 20,2414,1000
Lost Words: Beyond the Page,1.49,"11,079",25.9,5-6 hours,3.8,23 Sep 21,1485,1000
The Artful Escape,1.23,"33,785",42.5,3-4 hours,3.8,06 Sep 21,1234,1000
Peggle,3.79,"165,096",0.6,40-50 hours,3.8,09 Nov 20,948,250
DiRT 4,3.95,"79,596",1.0,60-80 hours,3.8,10 Aug 21,3954,1000
Destroy All Humans!,2.32,"106,146",5.3,12-15 hours,3.8,29 Apr 21,2323,1000
Alan Wake's American Nightmare,2.3,"52,250",6.6,8-10 hours,3.8,28 Oct 21,460,200
Dante's Inferno,1.86,"169,302",0.9,15-20 hours,3.8,09 Nov 20,2401,1290
Dreamscaper,5.26,"8,971",1.4,40-50 hours,3.8,03 Feb 22,5264,1000
Final Fantasy XIII,2.53,"134,351",4.9,80-100 hours,3.8,01 Sep 21,2530,1000
The Pedestrian,1.49,"28,084",33.9,3-4 hours,3.8,04 Jan 22,1495,1000
RAGE,2.36,"143,127",1.3,20-25 hours,3.8,13 Jun 21,2945,1250
Fable III,1.85,"325,399",2.8,25-30 hours,3.8,16 Dec 19,2319,1250
Katamari Damacy Reroll,3.51,"33,433",1.3,20-25 hours,3.8,05 Aug 21,3513,1000
Star Wars Battlefront II,2.15,"228,476",1.7,60-80 hours,3.8,09 Nov 20,2247,1045
Mirror's Edge,3.04,"215,161",0.6,25-30 hours,3.8,09 Nov 20,3805,1250
Crysis 2,2.56,"151,209",1.7,50-60 hours,3.8,09 Nov 20,2557,1000
Perfect Dark (Xbox 360),3.33,"85,926",0.8,50-60 hours,3.8,06 Sep 21,667,200
Max: The Curse of Brotherhood,1.8,"167,987",15.5,8-10 hours,3.8,13 Dec 18,1795,1000
Weird West,4.91,"28,059",0.8,35-40 hours,3.8,12 Jan 22,4907,1000
Train Sim World 2,6.98,"17,494",0.0,,3.8,19 Aug 21,35854,5135
Moonlighter,4.11,"24,977",1.1,25-30 hours,3.8,16 Dec 19,4108,1000
Ring of Pain,5.65,"9,858",0.5,60-80 hours,3.8,14 Oct 21,6609,1170
Star Wars Battlefront,3.16,"277,795",0.7,60-80 hours,3.8,09 Nov 20,5348,1690
Killer Instinct,5.85,"241,912",0.1,80-100 hours,3.7,21 Oct 20,28862,4935
Outriders,2.14,"168,156",1.4,40-50 hours,3.7,31 Mar 21,2240,1045
My Friend Pedro,5.41,"81,841",0.6,15-20 hours,3.7,18 Nov 21,5409,1000
MotoGP 20,2.5,"8,324",5.7,40-50 hours,3.7,17 Dec 20,2499,1000
Need for Speed Hot Pursuit Remastered,4.15,"65,439",1.9,30-35 hours,3.7,24 Jun 21,4152,1000
World War Z,4.07,"148,401",0.7,150-200 hours,3.7,16 Dec 19,4068,1000
Sea of Thieves,9.38,"344,597",0.0,1000+ hours,3.7,18 Dec 19,35638,3800
Yakuza 3 Remastered,3.16,"11,017",3.1,80-100 hours,3.7,28 Jan 21,3164,1000
My Time at Portia,3.3,"44,112",2.3,80-100 hours,3.7,16 Dec 19,3303,1000
BrÃ¼tal Legend,2.73,"113,058",1.8,40-50 hours,3.7,08 Oct 20,2971,1090
Day of the Tentacle Remastered,1.4,"33,225",40.1,2-3 hours,3.7,29 Oct 20,1401,1000
Omno,1.54,"35,403",31.9,3-4 hours,3.7,15 Jul 21,1537,1000
Record of Lodoss War -Deedlit in Wonder Labyrinth-,3.23,"18,573",4.1,8-10 hours,3.7,15 Dec 21,3231,1000
Zuma's Revenge!,1.68,"32,855",3.7,15-20 hours,3.7,09 Nov 20,673,400
NHL 21,3.66,"23,860",0.3,150-200 hours,3.7,12 Apr 21,3663,1000
Dicey Dungeons,4.12,"11,235",1.9,40-50 hours,3.7,11 Nov 21,4122,1000
Battlefield V,2.56,"180,707",1.8,40-50 hours,3.7,09 Nov 20,2560,1000
Supraland,2.91,"34,917",5.3,20-25 hours,3.7,13 Oct 20,2914,1000
The Gunk,1.59,"62,395",11.0,6-8 hours,3.7,15 Dec 21,1591,1000
Mighty Goose,2.06,"13,423",11.6,5-6 hours,3.7,30 Sep 21,2061,1000
The Walking Dead: Michonne,1.04,"71,357",84.7,1-2 hours,3.7,18 Dec 19,1038,1000
Viva PiÃ±ata: Trouble In Paradise,2.18,"44,019",6.3,25-30 hours,3.7,16 Dec 19,2177,1000
GRID,3.07,"23,287",0.6,200-300 hours,3.7,10 Aug 21,4034,1315
Crysis 3,2.92,"116,583",0.8,20-25 hours,3.7,09 Nov 20,3644,1250
Battlefield Hardline,6.04,"200,741",0.1,50-60 hours,3.7,09 Nov 20,11774,1950
Among Us,2.57,"79,755",2.1,4-5 hours,3.7,14 Dec 21,2568,1000
FAR: Changing Tides,4.25,"16,437",1.3,8-10 hours,3.7,13 Mar 22,4248,1000
Costume Quest 2,1.38,"49,547",30.4,8-10 hours,3.7,16 Dec 19,1379,1000
Mirror's Edge Catalyst,3.09,"101,423",2.6,25-30 hours,3.7,09 Nov 20,3093,1000
Myst,1.83,"16,597",8.6,6-8 hours,3.7,26 Aug 21,1831,1000
ReCore,3.43,"162,987",1.4,40-50 hours,3.7,16 Dec 19,5145,1500
The Ascent,2.84,"111,762",2.3,20-25 hours,3.7,29 Jul 21,2843,1000
Curse of the Dead Gods,9.12,"25,972",0.1,60-80 hours,3.7,05 Aug 21,9122,1000
"Yes, Your Grace",2.35,"20,321",3.4,12-15 hours,3.7,01 Dec 20,2345,1000
Fight Night Champion,11.35,"84,000",0.0,,3.6,09 Nov 20,13053,1150
"Warhammer 40,000: Battlesector",3.36,"10,781",2.1,20-25 hours,3.6,17 Nov 21,3358,1000
Flynn: Son of Crimson,2.36,"16,188",12.6,6-8 hours,3.6,15 Sep 21,2357,1000
Battletoads,3.88,"101,070",0.3,15-20 hours,3.6,20 Aug 20,3880,1000
Steep,4.99,"90,919",0.3,30-35 hours,3.6,06 May 21,6983,1400
Sable,1.94,"9,736",13.2,15-20 hours,3.6,23 Sep 21,1936,1000
Need for Speed Heat,3.01,"123,299",2.4,30-35 hours,3.6,09 Nov 20,3011,1000
Subnautica: Below Zero,1.74,"41,620",23.0,0.5-1 hour,3.6,23 Sep 21,1744,1000
Echo Generation,2.03,"16,168",13.9,6-8 hours,3.6,21 Oct 21,2025,1000
Knockout City,3.88,"52,268",0.8,60-80 hours,3.6,17 May 21,3882,1000
Young Souls,3.16,"11,265",4.7,6-8 hours,3.6,10 Mar 22,3159,1000
Sea of Solitude,1.82,"30,992",14.9,5-6 hours,3.6,09 Nov 20,1818,1000
Super Lucky's Tale,2.51,"111,416",2.1,8-10 hours,3.6,01 Sep 20,5028,2000
Windjammers 2,6.16,"10,064",0.3,20-25 hours,3.6,11 Jan 22,6159,1000
Gears of War: Judgment,2.8,"221,067",1.1,50-60 hours,3.6,16 Dec 19,4198,1500
Undertale,2.2,"53,348",13.0,4-5 hours,3.6,16 Mar 21,2205,1000
Full Throttle Remastered,1.27,"36,596",46.5,2-3 hours,3.6,29 Oct 20,1272,1000
skate.,2.68,"73,561",2.6,20-25 hours,3.6,05 Aug 21,2683,1000
Bejeweled 3,2.96,"52,890",3.7,12-15 hours,3.6,09 Nov 20,593,200
Boyfriend Dungeon,1.72,"12,310",10.8,6-8 hours,3.6,11 Aug 21,1716,1000
NHL 20,3.11,"22,764",0.4,80-100 hours,3.6,09 Nov 20,3106,1000
DiRT Rally,6.24,"50,243",0.5,60-80 hours,3.6,10 Aug 21,6241,1000
Gorogoa,1.68,"31,296",10.0,1-2 hours,3.6,04 Jan 22,1684,1000
Tom Clancy's Rainbow Six Extraction,3.74,"100,187",1.2,60-80 hours,3.6,16 Jan 22,3737,1000
RAGE 2,3.17,"108,746",0.5,25-30 hours,3.6,16 Dec 19,4544,1435
Neoverse,3.79,"3,635",2.0,50-60 hours,3.6,17 Dec 20,3788,1000
Broken Age,2.96,"9,915",4.1,8-10 hours,3.6,15 Dec 21,2961,1000
Crackdown 3: Campaign,3.61,"156,604",1.6,25-30 hours,3.6,17 Dec 19,6318,1750
Evil Genius 2: World Domination,8.2,"31,909",0.1,120-150 hours,3.6,12 Oct 21,8198,1000
Donut County,1.3,"104,448",48.4,1-2 hours,3.6,20 Jan 21,1302,1000
EA SPORTS UFC 3,5.07,"87,677",0.1,100-120 hours,3.6,09 Nov 20,5066,1000
Worms W.M.D.,7.22,"62,768",0.2,40-50 hours,3.6,16 Dec 19,7217,1000
Bridge Constructor Portal,2.32,"31,372",1.7,15-20 hours,3.6,18 Oct 20,2717,1170
Tainted Grail: Conquest,3.49,"8,876",2.0,25-30 hours,3.6,22 Mar 22,3492,1000
DOOM 64,1.42,"55,971",39.2,1-2 hours,3.6,12 Mar 21,1418,1000
Astroneer,3.68,"96,424",1.5,60-80 hours,3.6,16 Dec 19,3957,1075
Twelve Minutes,1.69,"62,794",21.2,2-3 hours,3.6,17 Aug 21,1691,1000
Spelunky 2,12.46,"27,710",0.2,80-100 hours,3.6,13 Jan 22,12463,1000
Viva PiÃ±ata,1.93,"143,160",9.7,40-50 hours,3.6,16 Dec 19,1934,1000
Tell Me Why,1.37,"72,734",12.5,2-3 hours,3.6,28 Sep 20,2060,1500
Subnautica,1.75,"154,110",25.1,1-2 hours,3.5,16 Dec 19,1747,1000
Human Fall Flat,3.48,"218,760",1.3,8-10 hours,3.5,13 Dec 18,7931,2280
Need for Speed Payback,2.89,"99,911",1.4,40-50 hours,3.5,09 Nov 20,3614,1250
Contrast,1.4,"27,602",37.8,3-4 hours,3.5,03 Feb 22,1396,1000
Dodgeball Academia,1.85,"17,010",15.7,6-8 hours,3.5,05 Aug 21,1853,1000
MechWarrior 5: Mercenaries,3.07,"11,667",1.6,60-80 hours,3.5,27 May 21,3074,1000
SSX,5.28,"151,364",1.1,35-40 hours,3.5,09 Nov 20,5283,1000
Star Wars: Squadrons,8.52,"78,201",0.2,60-80 hours,3.5,18 Mar 21,8520,1000
Last Stop,1.58,"26,704",19.2,6-8 hours,3.5,22 Jul 21,1576,1000
Visage,3.81,"36,716",3.1,10-12 hours,3.5,07 Oct 21,3807,1000
Back 4 Blood,4.11,"191,301",0.2,150-200 hours,3.5,24 Sep 21,4604,1120
Moonglow Bay,3.05,"4,060",2.9,40-50 hours,3.5,26 Oct 21,3050,1000
NBA 2K22,4.24,"18,528",0.0,,3.5,28 Apr 22,4241,1000
Aliens: Fireteam Elite,5.48,"66,336",0.4,200-300 hours,3.5,14 Dec 21,5485,1000
Breathedge,4.92,"23,600",0.7,25-30 hours,3.5,09 Sep 21,4923,1000
Bloodroots,2.79,"25,183",5.2,6-8 hours,3.5,15 Jul 21,2787,1000
Aragami 2,3.93,"49,711",2.7,20-25 hours,3.5,17 Sep 21,3930,1000
Killer Instinct 2 Classic,2.11,"8,149",8.3,15-20 hours,3.5,18 Dec 19,2111,1000
Unpacking,1.44,"81,045",39.7,1-2 hours,3.5,14 Oct 21,1437,1000
For Honor,3.07,"162,636",0.5,80-100 hours,3.5,03 Jun 21,3651,1190
art of rally,3.6,"61,023",2.1,20-25 hours,3.5,03 Aug 21,3599,1000
Totally Accurate Battle Simulator,3.43,"21,802",4.4,8-10 hours,3.5,05 Oct 21,3427,1000
Killer Instinct Classic,2.17,"8,060",9.0,15-20 hours,3.5,18 Dec 19,2168,1000
Lonely Mountains: Downhill,7.52,"71,144",0.2,25-30 hours,3.5,16 Dec 19,11131,1480
Payday 2: Crimewave Edition,5.84,"171,678",0.1,150-200 hours,3.4,09 Feb 22,14662,2510
Cris Tales,4.88,"14,166",1.2,30-35 hours,3.4,19 Jul 21,4876,1000
EA SPORTS UFC 4,2.81,"66,145",0.5,15-20 hours,3.4,08 Jul 21,2812,1000
Going Under,3.74,"20,517",0.7,12-15 hours,3.4,29 Jun 21,3923,1050
Marvel's Avengers,2.67,"137,585",1.3,100-120 hours,3.4,30 Sep 21,2675,1000
Pikuniku,1.74,"26,753",12.2,4-5 hours,3.4,12 Mar 20,1743,1000
7 Days to Die,4.21,"79,392",0.3,150-200 hours,3.4,26 Apr 22,4214,1000
The Sims 4,2.44,"86,219",8.9,2-3 hours,3.4,09 Nov 20,2437,1000
Need for Speed,4.57,"141,952",0.1,20-25 hours,3.4,09 Nov 20,10060,2200
Zoo Tycoon: Ultimate Animal Collection,6.92,"82,969",0.5,80-100 hours,3.4,16 Dec 19,10381,1500
Golf With Your Friends,3.41,"160,235",1.1,10-12 hours,3.4,19 May 20,3874,1135
Neon Abyss,7.79,"53,076",0.2,50-60 hours,3.4,14 Jul 20,7788,1000
Before We Leave,12.53,"13,726",0.2,60-80 hours,3.4,23 Nov 21,12528,1000
Black Desert,3.71,"62,581",0.9,500-750 hours,3.4,10 Sep 20,3706,1000
Raji: An Ancient Epic,2.25,"25,032",9.0,5-6 hours,3.4,22 Jul 21,2250,1000
Backbone,2.71,"7,293",3.6,8-10 hours,3.4,28 Oct 21,2707,1000
Army of TWO,2.35,"113,638",1.1,30-35 hours,3.4,09 Nov 20,2941,1250
Just Cause 4,3.68,"122,768",0.7,50-60 hours,3.4,12 May 21,9196,2500
Kill It With Fire,2.23,"46,897",14.0,4-5 hours,3.4,04 Nov 21,2225,1000
Shredders,3.11,"10,753",2.7,8-10 hours,3.4,17 Mar 22,3111,1000
Trailmakers,3.06,"17,806",3.3,12-15 hours,3.4,06 Aug 20,3674,1200
The Bard's Tale Trilogy,5.64,"10,780",1.7,60-80 hours,3.4,16 Dec 19,5638,1000
The Procession to Calvary,1.29,"23,853",52.4,1-2 hours,3.4,07 Oct 21,1288,1000
Disneyland Adventures,3.9,"93,220",2.3,40-50 hours,3.4,16 Dec 19,3904,1000
Lumines Remastered,9.76,"21,973",0.3,15-20 hours,3.3,05 Aug 21,9765,1000
Empire of Sin,5.99,"27,123",0.1,60-80 hours,3.3,18 Mar 21,7186,1200
Skul: The Hero Slayer,6.0,"20,337",1.3,1-2 hours,3.3,10 Feb 22,5996,1000
FIFA 21 (Xbox One),2.8,"71,742",0.5,150-200 hours,3.3,06 May 21,2802,1000
Olija,1.83,"4,380",14.2,4-5 hours,3.3,04 Jan 22,1830,1000
Besiege Console,3.9,"10,852",3.6,6-8 hours,3.3,10 Feb 22,3896,1000
NBA LIVE 19,5.71,"29,473",0.1,,3.3,09 Nov 20,5714,1000
Double Dragon Neon,6.6,"36,824",0.6,20-25 hours,3.3,16 Dec 19,2640,400
EA SPORTS Rory McIlroy PGA TOUR,2.99,"68,686",2.3,25-30 hours,3.3,09 Nov 20,2994,1000
FIFA 21,3.45,"38,890",0.5,200-300 hours,3.3,06 May 21,3447,1000
Banjo-Kazooie: Nuts Bolts,2.99,"116,819",1.4,30-35 hours,3.3,28 Apr 20,3735,1250
DIRT 5,2.45,"70,960",1.7,15-20 hours,3.3,24 Feb 21,4414,1800
Wolfenstein: Youngblood,2.76,"57,467",3.4,50-60 hours,3.3,06 Feb 20,2760,1000
Lawn Mowing Simulator,5.54,"33,974",0.1,60-80 hours,3.3,02 Dec 21,7706,1390
Descenders,12.95,"89,907",0.1,50-60 hours,3.3,16 Dec 19,19426,1500
Astria Ascending,7.28,"8,446",0.4,,3.3,18 Sep 21,7282,1000
Need for Speed Rivals,3.4,"156,431",2.3,40-50 hours,3.3,09 Nov 20,3401,1000
We Happy Few,5.01,"104,309",0.4,40-50 hours,3.3,21 Oct 20,7717,1540
Anthem,2.7,"138,608",1.5,60-80 hours,3.3,09 Nov 20,2701,1000
Grand Theft Auto: San Andreas â€“ The Definitive Edition,4.19,"122,455",2.2,50-60 hours,3.3,20 Nov 21,4189,1000
The Bard's Tale IV: Director's Cut,4.47,"13,640",0.8,50-60 hours,3.3,16 Dec 19,4466,1000
Fe,2.81,"20,917",5.7,10-12 hours,3.3,09 Nov 20,2814,1000
Halo: Spartan Assault,3.5,"154,721",2.5,20-25 hours,3.3,16 Dec 19,3499,1000
FIFA 20,3.25,"93,669",0.3,150-200 hours,3.3,09 Nov 20,3248,1000
Feeding Frenzy 2: Shipwreck Showdown,1.71,"41,431",15.8,8-10 hours,3.2,09 Nov 20,342,200
Fallout 76,2.79,"179,272",0.7,80-100 hours,3.2,09 Jul 20,3659,1310
Serious Sam 4,3.25,"39,947",3.9,8-10 hours,3.2,07 Dec 21,3249,1000
Generation Zero,3.4,"60,442",0.6,40-50 hours,3.2,30 Nov 21,4730,1390
Recompile,3.38,"7,808",6.1,6-8 hours,3.2,17 Aug 21,3378,1000
Joy Ride Turbo,2.92,"54,953",3.6,8-10 hours,3.2,21 Oct 20,585,200
ARK: Survival Evolved,2.15,"162,516",9.2,1-2 hours,3.2,03 Mar 22,3226,1500
Madden NFL 21,2.52,"22,414",3.0,8-10 hours,3.2,02 Mar 21,2515,1000
Embr,4.15,"18,501",1.7,20-25 hours,3.2,06 Jan 22,4152,1000
Lake,1.28,"14,544",40.6,6-8 hours,3.2,15 Dec 21,1280,1000
Craftopia,2.91,"43,789",2.0,25-30 hours,3.2,01 Sep 21,2908,1000
Edge of Eternity,7.59,"14,114",0.0,,3.2,31 Jan 22,7589,1000
theHunter: Call of the Wild,7.55,"127,983",0.0,120-150 hours,3.2,16 Dec 19,28173,3730
Heavy Weapon,2.81,"68,766",3.1,8-10 hours,3.2,09 Nov 20,561,200
Crown Trick,5.5,"12,253",0.0,,3.2,03 Sep 21,5498,1000
Rocket Arena,5.65,"23,636",0.9,50-60 hours,3.1,09 Nov 20,5649,1000
A Memoir Blue,1.17,"12,819",62.6,1-2 hours,3.1,24 Mar 22,1167,1000
Kameo: Elements of Power,3.71,"119,215",0.3,20-25 hours,3.1,16 Dec 19,3710,1000
Medal of Honor: Airborne,3.9,"125,854",0.4,40-50 hours,3.1,09 Nov 20,3897,1000
Second Extinction,4.47,"75,606",1.1,25-30 hours,3.1,10 Apr 21,4473,1000
Zuma,4.4,"55,950",0.6,50-60 hours,3.1,09 Nov 20,880,200
Rubber Bandits,1.8,"32,058",10.7,1-2 hours,3.1,02 Dec 21,1799,1000
ClusterTruck,3.9,"89,829",2.2,8-10 hours,3.1,13 Dec 18,3905,1000
The Bard's Tale ARPG : Remastered and Resnarkled,1.89,"23,738",22.0,2-3 hours,3.1,18 Jun 20,1894,1000
Wasteland Remastered,3.58,"4,357",4.4,25-30 hours,3.1,25 Feb 20,3583,1000
ScreamRide,11.08,"52,491",0.1,50-60 hours,3.1,16 Dec 19,11080,1000
Townscaper,1.13,"66,402",65.1,0-0.5 hours,3.0,02 Dec 21,1125,1000
Into the Pit,1.58,"1,710",24.0,10-12 hours,3.0,08 Oct 21,1577,1000
Exo One,5.84,"33,580",0.6,8-10 hours,3.0,15 Nov 21,5840,1000
NHL 94 Rewind,2.12,"22,264",12.5,2-3 hours,3.0,03 Dec 20,2117,1000
Nuclear Throne,22.28,"12,261",0.0,,3.0,09 Sep 21,22277,1000
Madden NFL 21 (Xbox One),2.39,"44,754",2.4,10-12 hours,3.0,02 Mar 21,2387,1000
PAW Patrol: Mighty Pups Save Adventure Bay,1.48,"30,023",28.4,3-4 hours,3.0,16 Dec 21,1483,1000
The Last Kids on Earth and the Staff of Doom,2.9,"8,644",5.4,12-15 hours,2.9,10 Feb 22,2897,1000
Bejeweled 2,5.12,"23,877",0.7,300-500 hours,2.9,09 Nov 20,1025,200
Goat Simulator,2.33,"257,140",1.4,4-5 hours,2.9,16 Dec 19,5532,2375
The Good Life,8.06,"8,295",0.5,60-80 hours,2.9,30 Sep 21,8060,1000
Kentucky Route Zero: TV Edition,2.63,"6,563",9.2,8-10 hours,2.9,13 Mar 22,2632,1000
Space Warlord Organ Trading Simulator,1.46,"15,794",22.0,2-3 hours,2.9,26 Nov 21,1465,1000
Power Rangers: Battle for the Grid,8.92,"13,851",0.4,,2.9,26 Mar 20,8923,1000
Bleeding Edge,2.08,"60,306",13.0,8-10 hours,2.9,20 Mar 20,2085,1000
Feeding Frenzy,2.15,"90,172",6.1,10-12 hours,2.9,09 Nov 20,430,200
Rush: A Disney Pixar Adventure,3.01,"82,740",3.7,15-20 hours,2.9,16 Dec 19,3005,1000
Gang Beasts,1.96,"135,527",9.3,1-2 hours,2.9,01 Jul 21,1960,1000
Worms Rumble,10.31,"30,845",0.2,80-100 hours,2.9,23 Jun 21,10313,1000
Jetpac Refuelled,4.82,"55,410",1.0,10-12 hours,2.8,21 Oct 20,965,200
Perfect Dark Zero,3.88,"72,391",1.2,80-100 hours,2.7,16 Dec 19,3876,1000
Genesis Noir,1.58,"13,450",11.6,3-4 hours,2.7,09 Mar 21,1908,1210
DEEEER Simulator: Your Average Everyday Deer Game,1.54,"52,200",28.4,1-2 hours,2.7,23 Nov 21,1537,1000
Madden NFL 22,2.28,"15,217",2.2,3-4 hours,2.7,17 Feb 22,2280,1000
I Am Fish,16.46,"41,305",0.1,40-50 hours,2.7,16 Sep 21,16455,1000
Pupperazzi,1.88,"13,821",15.9,3-4 hours,2.6,11 Jan 22,1882,1000
Totally Reliable Delivery Service,3.88,"94,225",0.6,8-10 hours,2.6,01 Apr 20,3991,1030
Secret Neighbor,2.84,"10,788",2.7,5-6 hours,2.6,16 Dec 19,2844,1000
Telling Lies,1.25,"20,033",43.2,1-2 hours,2.6,03 Feb 22,1254,1000
Ben 10: Power Trip,3.09,"21,515",3.2,12-15 hours,2.6,16 Dec 21,3093,1000
Madden NFL 22 (Xbox One),2.01,"12,985",4.9,3-4 hours,2.6,17 Feb 22,2010,1000
DayZ,2.97,"106,824",4.3,1-2 hours,2.4,07 May 20,2967,1000
Nongunz: Doppelganger Edition,7.97,"6,584",1.0,25-30 hours,2.4,28 Oct 21,7968,1000
Dead Space: Ignition,1.69,"25,650",22.3,3-4 hours,2.3,09 Nov 20,338,200
Library Of Ruina,21.53,"14,668",0.0,,2.2,,21525,1000
SkateBIRD,4.96,"46,013",2.8,6-8 hours,2.2,09 Sep 21,4962,1000
Crackdown 3: Wrecking Zone,2.37,"17,076",6.9,6-8 hours,2.2,18 Dec 19,1184,500
Race with Ryan,1.6,"18,928",27.9,3-4 hours,2.1,16 Dec 21,1602,1000
Surgeon Simulator 2,14.55,"49,768",0.1,50-60 hours,2.0,02 Sep 21,14549,1000
NBA 2K22 (Xbox One),3.86,"11,311",0.0,,3.4,28 Apr 22,3861,1000
UNSIGHTED,6.19,"3,684",0.5,,3.6,10 Sep 21,6195,1000
Lemnis Gate,7.04,"2,739",0.4,,3.3,10 Sep 21,7041,1000
Dandy Ace,5.5,"4,951",1.7,20-25 hours,3.1,28 Sep 21,5498,1000
Bassmaster Fishing 2022,10.72,"9,425",0.0,,2.4,09 Oct 21,14573,1360
Kraken Academy!!,1.8,"2,360",17.3,6-8 hours,3.4,22 Mar 22,1803,1000
Mind Scanners,3.31,"1,298",3.1,12-15 hours,2.3,30 Nov 21,3309,1000
ANVIL: Vault Breaker,4.7,"7,405",0.7,100-120 hours,3.6,03 Dec 21,4703,1000
Unsouled,37.18,"4,302",0.0,,3.1,28 Apr 22,37178,1000
Fae Tactics,2.65,166,0.0,,3.0,18 Nov 21,2653,1000
Undungeon,5.6,386,0.0,,2.5,19 Nov 21,5599,1000
Cricket 22,3.91,"4,411",1.2,12-15 hours,3.4,05 Apr 22,3912,1000
Next Space Rebels,6.3,"8,091",0.3,,3.2,17 Nov 21,6296,1000
One Step From Eden,3.88,"1,489",1.1,40-50 hours,3.7,11 Nov 21,3882,1000
The Dungeon of Naheulbeuk: The Amulet of Chaos - Chicken Edition,7.64,"4,273",0.1,,4.1,17 Mar 22,9012,1180
Signs of the Sojourner,3.41,"1,065",2.9,15-20 hours,2.6,02 Sep 21,3406,1000
DRAGON QUEST XI S: Echoes of an Elusive Age - Definitive Edition (JP),1.61,730,26.7,80-100 hours,4.6,05 Dec 20,1611,1000
Chinatown Detective Agency,2.37,738,0.0,,2.6,07 Apr 22,2369,1000
RESEARCH and DESTROY,13.46,"6,162",0.1,,3.1,26 Apr 22,13461,1000
Loot River,7.86,334,0.0,,3.2,Yesterday,7859,1000
Zero Escape: The Nonary Games,1.69,"1,250",25.9,40-50 hours,4.2,22 Mar 22,1689,1000
Paradise Killer,1.57,"1,250",18.0,12-15 hours,4.2,17 Mar 22,1565,1000
Crusader Kings III,16.36,"11,456",0.0,,3.8,14 Mar 22,16365,1000
Galactic Civilizations III (Windows),6.51,348,0.0,,3.1,16 Mar 22,9565,1470
Dragon Ball FighterZ (Windows),6.18,"1,436",0.4,,3.9,16 Mar 22,6176,1000
Phoenix Point,13.87,"7,388",0.0,,3.6,01 Oct 21,13869,1000
Super Mega Baseball 3,7.96,"9,309",0.1,60-80 hours,3.8,03 Mar 22,7957,1000
Immortal Realms: Vampire Wars,4.76,"5,618",0.9,60-80 hours,3.5,01 Jul 21,4761,1000
Transformers: Battlegrounds,2.4,"1,733",1.0,15-20 hours,3.1,16 Dec 21,2873,1195
The Catch: Carp Coarse Fishing,11.7,"8,084",0.0,,2.7,18 May 21,13455,1150
Atomicrops,2.9,"1,853",1.9,,4.5,22 Jul 21,5374,1850
Lethal League Blaze,3.91,"4,509",1.6,15-20 hours,3.6,29 Jul 21,3905,1000
The Evil Within (JP),1.61,388,12.1,,3.8,16 Aug 21,2787,1735
